"","Algae Calothrix","Algae Chamaesiphon","Algae Draparnaldia","Algae Homoeothrix","Algae Leptolyngbya","Algae Nostoc","Algae Phormidium","Algae Pseudanabaena","Algae Sheathia","Algae Synechococcus","Algae Undetermined Rhodophyte"
"1",16053.5117056856,0,0,11973.2441471572,0,0,0,0,0,44013.3779264214,32976.5886287626
"2",0,0,0,12040.1337792642,0,0,0,0,3973.24414715719,162943.143812709,63170.5685618728
"3",85431.4381270904,0,0,27290.9698996656,73953.1772575252,19531.7725752508,0,0,582020.066889632,0,15812.7090301003
"4",14259.8095170414,0,1227534.30721558,0,3812.70903010033,0,0,5223.55024347055,7625.41806020067,0,3812.70903010033
"5",55823.1445878666,12232.7055095934,0,20664.3551900832,4314.81083734774,909.698996655521,0,0,215711.237684282,2020947.36842105,93969.7527086103
"6",1262.60412099956,882.943143812707,0,44821.1325490933,2729.09698996656,0,909.698996655521,0,9396.38338521362,161613.327487944,172676.831583871
